Job function,Total views
Quality Assurance,6
Real Estate,3
Research,180
Sales,171
Customer Success and Support,70
Finance,119
Healthcare Services,76
Human Resources,137
Information Technology,294
Legal,43
Marketing,278
Media and Communication,265
Military and Protective Services,45
Operations,240
Product Management,36
Accounting,40
Administrative,85
Arts and Design,203
Business Development,926
Community and Social Services,477
Consulting,183
Education,388
Engineering,676
Entrepreneurship,26
Program and Project Management,146
Purchasing,7