Industry,Total views
Real Estate,16
Investment Management,10
Accounting,71
Construction,35
Health and Human Services,13
Space Research and Technology,9
Engineering Services,25
Military and International Affairs,13
IT System Design Services,15
"Appliances, Electrical, and Electronics Manufacturing",56
Online Audio and Video Media,8
"Transportation, Logistics, Supply Chain and Storage",50
Civic and Social Organizations,79
Computer and Network Security,8
Airlines and Aviation,13
Architecture and Planning,89
Civil Engineering,13
IT Services and IT Consulting,509
Legal Services,18
Public Relations and Communications Services,42
Design Services,17
Business Consulting and Services,351
Biotechnology Research,14
Medical Practices,33
Hospitals and Health Care,184
Veterinary Services,14
Retail Apparel and Fashion,20
"Technology, Information and Media",24
Defense and Space Manufacturing,10
Business Content,17
Outsourcing and Offshoring Consulting,20
Wellness and Fitness Services,9
Public Health,37
Social Networking Platforms,8
Community Services,17
Robotics Engineering,53
Marketing Services,76
Software Development,691
Media Production,26
"Technology, Information and Internet",666
Telecommunications,37
Law Practice,11
Farming,24
Primary and Secondary Education,13
Food and Beverage Manufacturing,28
Higher Education,199
Education Administration Programs,33
Manufacturing,72
Economic Programs,16
Community Development and Urban Planning,13
Think Tanks,9
E-Learning Providers,38
Retail Health and Personal Care Products,11
Wholesale Import and Export,11
Industrial Machinery Manufacturing,39
Human Resources Services,164
Research Services,80
"Retail Appliances, Electrical, and Electronic Equipment",18
Travel Arrangements,25
International Affairs,29
Government Administration,40
Securities and Commodity Exchanges,9
Education,108
Food and Beverage Services,35
Broadcast Media Production and Distribution,86
Graphic Design,27
International Trade and Development,24
Non-profit Organizations,434
Technical and Vocational Training,26
Data Infrastructure and Analytics,57
IT System Data Services,17
Strategic Management Services,38
IT System Training and Support,12
Writing and Editing,18
Staffing and Recruiting,23
Professional Training and Coaching,66
IT System Custom Software Development,17
Venture Capital and Private Equity Principals,30
Advertising Services,140
"Agriculture, Construction, Mining Machinery Manufacturing",104
Banking,144
Environmental Services,9
Financial Services,62